model_id,alias,precision,sparsity,time_s,energy_kwh,co2_kg,kg_per_kwh,tokens_out,ppl,bleu,ram_GB,vram_alloc_GB,vram_reserved_GB,notes
bigscience/bloom-3b,b3b,8bit_eval_after_cpu_prune,0.0,262.6662366390228,0.0091683725769616,0.0024536582057916633,0.267622000000005,96,234.2860831174448,10.244656759510313,3.7233123779296875,3.406985282897949,5.693359375,"Prune@CPU; Eval 8-bit offload | GPU=NVIDIA A100-SXM4-80GB, VRAM=79.3 GB | prune=0.20 | MAX_LEN_CAP=256"
bigscience/bloom-560m,b560,8bit_eval_after_cpu_prune,0.0,124.70492315292358,0.0037718849331581,0.0010094393895817072,0.2676220000000186,96,327.9633325554557,2.70800114852927,2.647380828857422,0.7694697380065918,1.029296875,"Prune@CPU; Eval 8-bit offload | GPU=NVIDIA A100-SXM4-80GB, VRAM=79.3 GB | prune=0.20 | MAX_LEN_CAP=256"
