model_id,alias,variant,precision,time_s,energy_kwh,co2_kg,kg_per_kwh,tokens_out,ppl,bleu,ram_GB,vram_alloc_GB,vram_reserved_GB,notes
bigscience/bloom-560m,b560,8bit,8bit,102.58452558517456,0.0027172453616774997,0.0012298817018575122,0.4526207751434861,96,314.5548963545501,3.7428040700254135,2.9506988525390625,0.7704448699951172,1.046875,"GPU=NVIDIA A100-SXM4-40GB, VRAM=39.6 GB"
bigscience/bloom-560m,b560,4bit,4bit,50.84702920913696,0.0013732326586544607,0.0006215536304125424,0.4526207751434935,96,294.98038034108384,2.578659296737038,3.375652313232422,0.6439332962036133,1.048828125,"GPU=NVIDIA A100-SXM4-40GB, VRAM=39.6 GB"
bigscience/bloom-3b,b3b,8bit,8bit,114.89840412139893,0.003213531529892523,0.0014545111320079214,0.4526207751434658,96,222.5605952774486,10.368502259926071,3.8859214782714844,3.4079670906066895,4.3046875,"GPU=NVIDIA A100-SXM4-40GB, VRAM=39.6 GB"
bigscience/bloom-3b,b3b,4bit,4bit,64.17664361000061,0.0019013624597809323,0.0008605961503747853,0.4526207751434936,96,223.34580244138272,11.548166462180937,3.8915939331054688,2.341395378112793,3.17578125,"GPU=NVIDIA A100-SXM4-40GB, VRAM=39.6 GB"
